Microsoft Windows [VersiÃ³n 10.0.19045.2673]
(c) Microsoft Corporation. Todos los derechos reservados.

C:\Users\Jesus Arellano>"C:\Program Files\MySQL\MySQL Shell 8.0\bin\mysqlsh.exe"
MySQL Shell 8.0.32

Copyright (c) 2016, 2023, Oracle and/or its affiliates.
Oracle is a registered trademark of Oracle Corporation and/or its affiliates.
Other names may be trademarks of their respective owners.

Type '\help' or '\?' for help; '\quit' to exit.
 MySQL  JS > \sql
Switching to SQL mode... Commands end with ;
 MySQL  SQL > \connect
\connect [--mx|--mysqlx|--mc|--mysql] [--ssh <sshuri>] <URI>
 MySQL  SQL > \connect --mc usuario root@localhost
Creating a Classic session to 'root@localhost'
Please provide the password for 'root@localhost': ****
Save password for 'root@localhost'? [Y]es/[N]o/Ne[v]er (default No): n
Fetching global names for auto-completion... Press ^C to stop.
Your MySQL connection id is 8
Server version: 8.0.32 MySQL Community Server - GPL
No default schema selected; type \use <schema> to set one.
 MySQL  localhost:3306 ssl  SQL > show databases;
+--------------------+
| Database           |
+--------------------+
| agencia            |
| eva_2              |
| evaluacion_1       |
| human_resources    |
| information_schema |
| mysql              |
| performance_schema |
| sakila             |
| sys                |
| world              |
+--------------------+
10 rows in set (0.0100 sec)
 MySQL  localhost:3306 ssl  SQL > use eva_2;
Default schema set to `eva_2`.
Fetching global names, object names from `eva_2` for auto-completion... Press ^C to stop.
 MySQL  localhost:3306 ssl  eva_2  SQL > show tables;
+-----------------+
| Tables_in_eva_2 |
+-----------------+
| contacts        |
| detalle         |
| detallefactura  |
| factura         |
| maestro         |
| phones          |
+-----------------+
6 rows in set (0.0039 sec)
 MySQL  localhost:3306 ssl  eva_2  SQL > show create table detalle;
+---------+---------------------------------------------------------------------------------------------------------------------------------------------------------------------------------------------------------------------------------------------------------------------------------------------------------------------------------------------------------------------------------------+
| Table   | Create Table                                                                                                                                                                                                                                                                                                                                                                          |
+---------+---------------------------------------------------------------------------------------------------------------------------------------------------------------------------------------------------------------------------------------------------------------------------------------------------------------------------------------------------------------------------------------+
| detalle | CREATE TABLE `detalle` (
  `id` int NOT NULL AUTO_INCREMENT,
  `id_maestro` int DEFAULT NULL,
  `dato` varchar(20) DEFAULT NULL,
  PRIMARY KEY (`id`),
  KEY `id_maestro` (`id_maestro`),
  CONSTRAINT `detalle_ibfk_1` FOREIGN KEY (`id_maestro`) REFERENCES `maestro` (`id`) ON DELETE SET NULL
) ENGINE=InnoDB AUTO_INCREMENT=6 DEFAULT CHARSET=utf8mb4 COLLATE=utf8mb4_0900_ai_ci |
+---------+---------------------------------------------------------------------------------------------------------------------------------------------------------------------------------------------------------------------------------------------------------------------------------------------------------------------------------------------------------------------------------------+
1 row in set (0.0154 sec)
 MySQL  localhost:3306 ssl  eva_2  SQL > alter table detalle drop constraint detalle_ibfk_1
                                      -> ;
Query OK, 0 rows affected (0.0573 sec)

Records: 0  Duplicates: 0  Warnings: 0
 MySQL  localhost:3306 ssl  eva_2  SQL > show create table detalle;
+---------+------------------------------------------------------------------------------------------------------------------------------------------------------------------------------------------------------------------------------------------------------------------------------+
| Table   | Create Table                                                                                                                                                                                                                                                                 |
+---------+------------------------------------------------------------------------------------------------------------------------------------------------------------------------------------------------------------------------------------------------------------------------------+
| detalle | CREATE TABLE `detalle` (
  `id` int NOT NULL AUTO_INCREMENT,
  `id_maestro` int DEFAULT NULL,
  `dato` varchar(20) DEFAULT NULL,
  PRIMARY KEY (`id`),
  KEY `id_maestro` (`id_maestro`)
) ENGINE=InnoDB AUTO_INCREMENT=6 DEFAULT CHARSET=utf8mb4 COLLATE=utf8mb4_0900_ai_ci |
+---------+------------------------------------------------------------------------------------------------------------------------------------------------------------------------------------------------------------------------------------------------------------------------------+
1 row in set (0.0006 sec)
 MySQL  localhost:3306 ssl  eva_2  SQL > select * from maestro;
+----+-------+
| id | dato  |
+----+-------+
|  2 | ALGO2 |
|  3 | ALGO3 |
|  4 | ALGO4 |
+----+-------+
3 rows in set (0.0083 sec)
 MySQL  localhost:3306 ssl  eva_2  SQL > desc detalle;
+------------+-------------+------+-----+---------+----------------+
| Field      | Type        | Null | Key | Default | Extra          |
+------------+-------------+------+-----+---------+----------------+
| id         | int         | NO   | PRI | NULL    | auto_increment |
| id_maestro | int         | YES  | MUL | NULL    |                |
| dato       | varchar(20) | YES  |     | NULL    |                |
+------------+-------------+------+-----+---------+----------------+
3 rows in set (0.0103 sec)
 MySQL  localhost:3306 ssl  eva_2  SQL > insert into detalle(id_maestro) values (5);
Query OK, 1 row affected (0.0090 sec)
 MySQL  localhost:3306 ssl  eva_2  SQL > select * from detalle;
+----+------------+-------+
| id | id_maestro | dato  |
+----+------------+-------+
|  1 |       NULL | ALGO  |
|  2 |       NULL | ALGO2 |
|  3 |       NULL | ALGO3 |
|  4 |       NULL | ALGO4 |
|  5 |          2 | ALGO5 |
|  6 |          5 | NULL  |
+----+------------+-------+
6 rows in set (0.0004 sec)
 MySQL  localhost:3306 ssl  eva_2  SQL > alter table detalle add foreign key('id_maestro') references maestro(id) on delete cascade on update cascade;
ERROR: 1064 (42000): You have an error in your SQL syntax; check the manual that corresponds to your MySQL server version for the right syntax to use near ''id_maestro') references maestro(id) on delete cascade on update cascade' at line 1
 MySQL  localhost:3306 ssl  eva_2  SQL > alter table detalle add foreign key(id_maestro) references maestro(id) on delete cascade on update cascade;
ERROR: 1452 (23000): Cannot add or update a child row: a foreign key constraint fails (`eva_2`.`#sql-12a4_8`, CONSTRAINT `detalle_ibfk_1` FOREIGN KEY (`id_maestro`) REFERENCES `maestro` (`id`) ON DELETE CASCADE ON UPDATE CASCADE)
 MySQL  localhost:3306 ssl  eva_2  SQL > alter table detalle add foreign key('id_maestro') references maestro('id') on delete cascade on update cascade;
ERROR: 1064 (42000): You have an error in your SQL syntax; check the manual that corresponds to your MySQL server version for the right syntax to use near ''id_maestro') references maestro('id') on delete cascade on update cascade' at line 1
 MySQL  localhost:3306 ssl  eva_2  SQL > alter table detalle add foreign key (id_maestro) references maestro(id) on delete cascade on update cascade;
ERROR: 1452 (23000): Cannot add or update a child row: a foreign key constraint fails (`eva_2`.`#sql-12a4_8`, CONSTRAINT `detalle_ibfk_1` FOREIGN KEY (`id_maestro`) REFERENCES `maestro` (`id`) ON DELETE CASCADE ON UPDATE CASCADE)
 MySQL  localhost:3306 ssl  eva_2  SQL > desc information_schema.table_constraint;
ERROR: 1109 (42S02): Unknown table 'TABLE_CONSTRAINT' in information_schema
 MySQL  localhost:3306 ssl  eva_2  SQL > desc information_schema.table_constraint;
ERROR: 1109 (42S02): Unknown table 'TABLE_CONSTRAINT' in information_schema
 MySQL  localhost:3306 ssl  eva_2  SQL > alter table drop detalle add foreign key (id_maestro) references maestro(id) on delete cascade on update cascade
                                      -> ;
ERROR: 1064 (42000): You have an error in your SQL syntax; check the manual that corresponds to your MySQL server version for the right syntax to use near 'drop detalle add foreign key (id_maestro) references maestro(id) on delete casca' at line 1
 MySQL  localhost:3306 ssl  eva_2  SQL > alter table detalle add foreign key (id_maestro) references maestro(id) on delete cascade on update cascade;
ERROR: 1452 (23000): Cannot add or update a child row: a foreign key constraint fails (`eva_2`.`#sql-12a4_8`, CONSTRAINT `detalle_ibfk_1` FOREIGN KEY (`id_maestro`) REFERENCES `maestro` (`id`) ON DELETE CASCADE ON UPDATE CASCADE)